model,Creatividad_C_mean,Creatividad_C_ci_lo,Creatividad_C_ci_hi,n_prompts,n_texts
humano,0.6811201259991438,0.6029202138033818,0.772989705936461,8,16
DeepSeek-V3,0.6736235717440977,0.6199872652430143,0.7284448659830157,8,16
ChatGPT,0.6492211436252201,0.5811915746717821,0.7301745268860537,8,16
Grok 4,0.6244681344742317,0.5730377410748392,0.6758126540912229,8,16
flax-community/gpt-2-spanisH,0.2833561286699924,0.27105763976496916,0.29562179095137187,8,16
