model,anti_rep_mean,anti_rep_ci_lo,anti_rep_ci_hi,n_prompts,n_texts
flax-community/gpt-2-spanisH,0.7875449076804765,0.7683744959707868,0.814091202065152,8,16
DeepSeek-V3,0.6731446670772652,0.6644591391708047,0.6825446673992868,8,16
Grok 4,0.6596949233470515,0.6459753356501513,0.6722439492218002,8,16
ChatGPT,0.6583531899801955,0.6481806381175718,0.6718368883446921,8,16
humano,0.6276269614708259,0.6086103882520504,0.6477388861758137,8,16
