model,novedad_mean,novedad_ci_lo,novedad_ci_hi,n_prompts,n_texts
flax-community/gpt-2-spanisH,0.9602488505911693,0.9550277180642964,0.9653264511451259,8,16
Grok 4,0.9017748741034392,0.8911265890686135,0.9121242583328364,8,16
DeepSeek-V3,0.9000169278118066,0.889548203468098,0.9094229547359808,8,16
humano,0.89916158301453,0.8883670295009557,0.9090984616672388,8,16
ChatGPT,0.86618881832765,0.853015173473954,0.8801557236013953,8,16
