model,mean,median,count
humano,0.6815009308299317,0.6367677844266607,16
DeepSeek-V3,0.6736182331383944,0.6765412858149773,16
ChatGPT,0.6481878394651601,0.6219282896080331,16
Grok 4,0.624775787907871,0.6175403290899424,16
flax-community/gpt-2-spanisH,0.2832172066928176,0.29788721197697454,16
